<?xml version="1.0" encoding="UTF-8" ?>
<groops>
	<global>
		<filename label="groopsDataDir">I:\groops_data</filename>
		<timeSeriesType label="timeIntervalsDaily">
			<uniformSampling>
				<timeStart link="timeStart"/>
				<timeEnd link="timeEnd"/>
				<sampling>5/86400</sampling>
			</uniformSampling>
		</timeSeriesType>
		<string label="workspace">G:\GROOPS\PNAS2020WorkspaceKBR</string>
		<string label="backgroundmodel">ggm05b</string>
		<double label="resampleInterval">5</double>
		<string label="instrument">kbr</string>
		<time label="timeStart">59009</time>
		<time label="timeEnd">59091+23/24+59/1440+59/86400</time>
	</global>
	<program comment="timeSeries">
		<LoopPrograms>
			<loop>
				<timeSeries>
					<timeSeries>
						<uniformSampling>
							<timeStart link="timeStart"/>
							<timeEnd link="timeEnd"/>
							<sampling>1</sampling>
						</uniformSampling>
					</timeSeries>
					<variableLoopTime>loopTime</variableLoopTime>
					<variableLoopIndex>loopIndex</variableLoopIndex>
				</timeSeries>
			</loop>
			<continueAfterError>1</continueAfterError>
			<processCountPerIteration>0</processCountPerIteration>
			<parallelLog>1</parallelLog>
			<program comment="{workspace}/input/{loopTime:%D}">
				<FileCreateDirectories>
					<directory>{workspace}/input/{loopTime:%D}</directory>
					<directory>{workspace}/input/demo</directory>
					<directory>{workspace}/output/{loopTime:%D}</directory>
				</FileCreateDirectories>
			</program>
			<program comment="{workspace}/input/{loopTime:%D}/de_{loopTime:%D}.txt">
				<GraceAod2TimeSplines>
					<outputfileDealiasing>{workspace}/input/{loopTime:%D}/de_{loopTime:%D}.txt</outputfileDealiasing>
					<inputfile>gracefo_dataset\AOD1B_{loopTime:%D}_X_06.asc</inputfile>
					<inputfile>gracefo_dataset\AOD1B_{loopTime+1:%D}_X_06.asc</inputfile>
				</GraceAod2TimeSplines>
			</program>
			<program comment="GRACE-C">
				<GroupPrograms>
					<silently>0</silently>
					<program comment="{workspace}/input/demo/grace-c_approximateOrbit_{loopTime:%D}.txt">
						<GraceL1b2Orbit>
							<outputfileOrbit>{workspace}/input/demo/grace-c_approximateOrbit_{loopTime:%D}.txt</outputfileOrbit>
							<earthRotation>
								<file>
									<inputfileEOP>{groopsDataDir}/earthRotation/timeSeries_EOP_rapid_IAU2000_desai.dat</inputfileEOP>
									<interpolationDegree>3</interpolationDegree>
								</file>
							</earthRotation>
							<inputfile>{workspace}\gracefo_dataset\gracefo_1B_{loopTime:%D}_RL04.ascii.noLRI\GNV1B_{loopTime:%D}_C_04.txt</inputfile>
						</GraceL1b2Orbit>
					</program>
					<program comment="{workspace}/input/demo/grace-c_starCamera_{loopTime:%D}.txt">
						<GraceL1b2StarCamera>
							<outputfileStarCamera>{workspace}/input/demo/grace-c_starCamera_{loopTime:%D}.txt</outputfileStarCamera>
							<inputfile>{workspace}\gracefo_dataset\gracefo_1B_{loopTime:%D}_RL04.ascii.noLRI\SCA1B_{loopTime:%D}_C_04.txt</inputfile>
						</GraceL1b2StarCamera>
					</program>
					<program comment="{workspace}/input/demo/grace-c_accelerometer_{loopTime:%D}.txt">
						<GraceL1b2Accelerometer>
							<outputfileAccelerometer>{workspace}/input/demo/grace-c_accelerometer_{loopTime:%D}.txt</outputfileAccelerometer>
							<inputfile>{workspace}\gracefo_dataset\gracefo_1B_{loopTime:%D}_RL04.ascii.noLRI\ACT1B_{loopTime:%D}_C_04.txt</inputfile>
						</GraceL1b2Accelerometer>
					</program>
				</GroupPrograms>
			</program>
			<program comment="GRACE-C">
				<GroupPrograms>
					<silently>0</silently>
					<program comment="GRACE-C">
						<GraceL1b2Accelerometer>
							<outputfileAccelerometer>{workspace}/input/{loopTime:%D}/gracefo-c_ACT1B_{loopTime:%D}.txt</outputfileAccelerometer>
							<inputfile>{workspace}\gracefo_dataset\gracefo_1B_{loopTime:%D}_RL04.ascii.noLRI\ACT1B_{loopTime:%D}_C_04.txt</inputfile>
						</GraceL1b2Accelerometer>
					</program>
					<program comment="{workspace}/input/{loopTime:%D}/gracefo-c_GNV1B_{loopTime:%D}.txt">
						<GraceL1b2Orbit>
							<outputfileOrbit>{workspace}/input/{loopTime:%D}/gracefo-c_GNV1B_{loopTime:%D}.txt</outputfileOrbit>
							<earthRotation>
								<file>
									<inputfileEOP>{groopsDataDir}/earthRotation/timeSeries_EOP_rapid_IAU2000_desai.dat</inputfileEOP>
									<interpolationDegree>3</interpolationDegree>
								</file>
							</earthRotation>
							<inputfile>{workspace}\gracefo_dataset\gracefo_1B_{loopTime:%D}_RL04.ascii.noLRI\GNV1B_{loopTime:%D}_C_04.txt</inputfile>
						</GraceL1b2Orbit>
					</program>
					<program comment="{workspace}/input/{loopTime:%D}/gracefo-c_SCA1B_{loopTime:%D}.txt">
						<GraceL1b2StarCamera>
							<outputfileStarCamera>{workspace}/input/{loopTime:%D}/gracefo-c_SCA1B_{loopTime:%D}.txt</outputfileStarCamera>
							<inputfile>{workspace}\gracefo_dataset\gracefo_1B_{loopTime:%D}_RL04.ascii.noLRI\SCA1B_{loopTime:%D}_C_04.txt</inputfile>
						</GraceL1b2StarCamera>
					</program>
					<program comment="{workspace}/input/{loopTime:%D}/gracefo-c_ACT1B_{loopTime:%D}.txt">
						<InstrumentReduceSampling>
							<outputfileInstrument>{workspace}/input/{loopTime:%D}/gracefo-c_ACT1B_{loopTime:%D}.txt</outputfileInstrument>
							<inputfileInstrument>{workspace}/input/{loopTime:%D}/gracefo-c_ACT1B_{loopTime:%D}.txt</inputfileInstrument>
							<sampling link="resampleInterval"/>
							<margin>1e-5</margin>
							<relative2FirstEpoch>0</relative2FirstEpoch>
						</InstrumentReduceSampling>
					</program>
					<program comment="{workspace}/input/{loopTime:%D}/gracefo-c_GNV1B_{loopTime:%D}.txt">
						<InstrumentReduceSampling>
							<outputfileInstrument>{workspace}/input/{loopTime:%D}/gracefo-c_GNV1B_{loopTime:%D}.txt</outputfileInstrument>
							<inputfileInstrument>{workspace}/input/{loopTime:%D}/gracefo-c_GNV1B_{loopTime:%D}.txt</inputfileInstrument>
							<sampling link="resampleInterval"/>
							<margin>1e-5</margin>
							<relative2FirstEpoch>0</relative2FirstEpoch>
						</InstrumentReduceSampling>
					</program>
					<program comment="{workspace}/input/{loopTime:%D}/gracefo-c_SCA1B_{loopTime:%D}.txt">
						<InstrumentReduceSampling>
							<outputfileInstrument>{workspace}/input/{loopTime:%D}/gracefo-c_SCA1B_{loopTime:%D}.txt</outputfileInstrument>
							<inputfileInstrument>{workspace}/input/{loopTime:%D}/gracefo-c_SCA1B_{loopTime:%D}.txt</inputfileInstrument>
							<sampling link="resampleInterval"/>
							<margin>1e-5</margin>
							<relative2FirstEpoch>0</relative2FirstEpoch>
						</InstrumentReduceSampling>
					</program>
					<program comment="{workspace}/input/{loopTime:%D}/gracefo-c_ACT1B_{loopTime:%D}.txt">
						<InstrumentRemoveEpochsByCriteria>
							<outputfileInstrument>{workspace}/input/{loopTime:%D}/gracefo-c_ACT1B_{loopTime:%D}.txt</outputfileInstrument>
							<inputfileInstrument>{workspace}/input/{loopTime:%D}/gracefo-c_ACT1B_{loopTime:%D}.txt</inputfileInstrument>
							<removalCriteria>abs(data0-data0median) &gt; 1E-5</removalCriteria>
							<removalCriteria>abs(data1-data1median) &gt; 1E-5</removalCriteria>
							<removalCriteria>abs(data2-data2median) &gt; 1E-5</removalCriteria>
							<margin>1e-5</margin>
						</InstrumentRemoveEpochsByCriteria>
					</program>
					<program>
						<InstrumentSynchronize>
							<data>
								<outputfileInstrument>{workspace}/input/{loopTime:%D}/gracefo-c_ACT1B_{loopTime:%D}.txt</outputfileInstrument>
								<inputfileInstrument>{workspace}/input/{loopTime:%D}/gracefo-c_ACT1B_{loopTime:%D}.txt</inputfileInstrument>
							</data>
							<data>
								<outputfileInstrument>{workspace}/input/{loopTime:%D}/gracefo-c_GNV1B_{loopTime:%D}.txt</outputfileInstrument>
								<inputfileInstrument>{workspace}/input/{loopTime:%D}/gracefo-c_GNV1B_{loopTime:%D}.txt</inputfileInstrument>
							</data>
							<data>
								<outputfileInstrument>{workspace}/input/{loopTime:%D}/gracefo-c_SCA1B_{loopTime:%D}.txt</outputfileInstrument>
								<inputfileInstrument>{workspace}/input/{loopTime:%D}/gracefo-c_SCA1B_{loopTime:%D}.txt</inputfileInstrument>
							</data>
							<margin>1e-5</margin>
							<minArcLength>1</minArcLength>
						</InstrumentSynchronize>
					</program>
					<program comment="{workspace}/input/{loopTime:%D}/gracefo-c_ACC1B_{loopTime:%D}_SIMU.txt">
						<SimulateAccelerometer>
							<outputfileAccelerometer>{workspace}/input/{loopTime:%D}/gracefo-c_ACC1B_{loopTime:%D}_SIMU.txt</outputfileAccelerometer>
							<inputfileSatelliteModel>{groopsDataDir}/satelliteModel/gracefo1_satelliteModel.xml</inputfileSatelliteModel>
							<inputfileOrbit>{workspace}/input/{loopTime:%D}/gracefo-c_GNV1B_{loopTime:%D}.txt</inputfileOrbit>
							<inputfileStarCamera>{workspace}/input/{loopTime:%D}/gracefo-c_SCA1B_{loopTime:%D}.txt</inputfileStarCamera>
							<earthRotation>
								<file>
									<inputfileEOP>{groopsDataDir}/earthRotation/timeSeries_EOP_rapid_IAU2000_desai.dat</inputfileEOP>
									<interpolationDegree>3</interpolationDegree>
								</file>
							</earthRotation>
							<ephemerides>
								<jpl>
									<inputfileEphemerides>{groopsDataDir}/tides/ephemerides_JPL_DE432.dat</inputfileEphemerides>
									<origin>
										<earth/>
									</origin>
								</jpl>
							</ephemerides>
							<forces>
								<miscAccelerations>
									<solarRadiationPressure>
										<solarflux>1367</solarflux>
										<eclipse>
											<conical/>
										</eclipse>
										<factor>1.0</factor>
									</solarRadiationPressure>
								</miscAccelerations>
								<miscAccelerations>
									<albedo>
										<inputfileReflectivity>{groopsDataDir}/albedo/earth_ceres_reflectivity_grid2.5.dat</inputfileReflectivity>
										<inputfileEmissivity>{groopsDataDir}/albedo/earth_ceres_emissivity_grid2.5.dat</inputfileEmissivity>
										<solarflux>1367</solarflux>
										<factor>1.0</factor>
									</albedo>
								</miscAccelerations>
								<miscAccelerations>
									<atmosphericDrag>
										<thermosphere>
											<nrlmsis2>
												<inputfileMsis>{groopsDataDir}/thermosphere/nrlmsis2/inputMSIS.txt</inputfileMsis>
												<inputfileModelParameters>{groopsDataDir}/thermosphere/nrlmsis2/msis20.parm</inputfileModelParameters>
												<inputfileMagnetic3hAp>{groopsDataDir}/thermosphere/hwm14/apActivity.txt</inputfileMagnetic3hAp>
												<hwm14DataDirectory>{groopsDataDir}/thermosphere/hwm14</hwm14DataDirectory>
											</nrlmsis2>
										</thermosphere>
										<earthRotation>7.29211585531e-5</earthRotation>
										<considerTemperature>0</considerTemperature>
										<considerWind>0</considerWind>
										<factor>1.0</factor>
									</atmosphericDrag>
								</miscAccelerations>
							</forces>
						</SimulateAccelerometer>
					</program>
					<program comment="{workspace}/input/{loopTime:%D}/gracefo-c_ACC1B_{loopTime:%D}.txt">
						<InstrumentAccelerometerEstimateBiasScale>
							<outputfileAccelerometer>{workspace}/input/{loopTime:%D}/gracefo-c_ACC1B_{loopTime:%D}.txt</outputfileAccelerometer>
							<inputfileAccelerometer>{workspace}/input/{loopTime:%D}/gracefo-c_ACT1B_{loopTime:%D}.txt</inputfileAccelerometer>
							<inputfileAccelerometerSim>{workspace}/input/{loopTime:%D}/gracefo-c_ACC1B_{loopTime:%D}_SIMU.txt</inputfileAccelerometerSim>
							<marginThruster>1e-5</marginThruster>
							<ephemerides>
								<jpl>
									<inputfileEphemerides>{groopsDataDir}/tides/ephemerides_JPL_DE432.dat</inputfileEphemerides>
									<origin>
										<earth/>
									</origin>
								</jpl>
							</ephemerides>
							<inputfileSatelliteModel>{groopsDataDir}\satelliteModel\gracefo1_satelliteModel.xml</inputfileSatelliteModel>
							<parametrizationAcceleration>
								<accBias>
									<estimateX>1</estimateX>
									<estimateY>1</estimateY>
									<estimateZ>1</estimateZ>
									<temporal>
										<constant>
											<includeLastTime>0</includeLastTime>
										</constant>
									</temporal>
									<perArc>0</perArc>
								</accBias>
							</parametrizationAcceleration>
						</InstrumentAccelerometerEstimateBiasScale>
					</program>
				</GroupPrograms>
			</program>
			<program comment="GRACE-C">
				<InstrumentReduceSampling>
					<outputfileInstrument>{workspace}/input/demo/grace-c_approximateOrbit_{loopTime:%D}.txt</outputfileInstrument>
					<inputfileInstrument>{workspace}/input/demo/grace-c_approximateOrbit_{loopTime:%D}.txt</inputfileInstrument>
					<sampling link="resampleInterval"/>
					<margin>1e-5</margin>
					<relative2FirstEpoch>0</relative2FirstEpoch>
				</InstrumentReduceSampling>
			</program>
			<program comment="GRACE-C">
				<InstrumentSynchronize>
					<data>
						<outputfileInstrument>{workspace}\input\demo\grace-c_accelerometer_{loopTime:%D}.txt</outputfileInstrument>
						<inputfileInstrument>{workspace}\input\demo\grace-c_accelerometer_{loopTime:%D}.txt</inputfileInstrument>
					</data>
					<data>
						<outputfileInstrument>{workspace}\input\demo\grace-c_starCamera_{loopTime:%D}.txt</outputfileInstrument>
						<inputfileInstrument>{workspace}\input\demo\grace-c_starCamera_{loopTime:%D}.txt</inputfileInstrument>
					</data>
					<data>
						<outputfileInstrument>{workspace}\input\demo\grace-c_approximateOrbit_{loopTime:%D}.txt</outputfileInstrument>
						<inputfileInstrument>{workspace}\input\demo\grace-c_approximateOrbit_{loopTime:%D}.txt</inputfileInstrument>
					</data>
					<margin>1e-5</margin>
					<minArcLength>1</minArcLength>
				</InstrumentSynchronize>
			</program>
			<program comment="GRACE-D">
				<GroupPrograms>
					<silently>0</silently>
					<program comment="{workspace}/input/demo/grace-d_approximateOrbit_{loopTime:%D}.txt">
						<GraceL1b2Orbit>
							<outputfileOrbit>{workspace}/input/demo/grace-d_approximateOrbit_{loopTime:%D}.txt</outputfileOrbit>
							<earthRotation>
								<file>
									<inputfileEOP>{groopsDataDir}/earthRotation/timeSeries_EOP_rapid_IAU2000_desai.dat</inputfileEOP>
									<interpolationDegree>3</interpolationDegree>
								</file>
							</earthRotation>
							<inputfile>{workspace}\gracefo_dataset\gracefo_1B_{loopTime:%D}_RL04.ascii.noLRI\GNV1B_{loopTime:%D}_D_04.txt</inputfile>
						</GraceL1b2Orbit>
					</program>
					<program comment="{workspace}/input/demo/grace-d_starCamera_{loopTime:%D}.txt">
						<GraceL1b2StarCamera>
							<outputfileStarCamera>{workspace}/input/demo/grace-d_starCamera_{loopTime:%D}.txt</outputfileStarCamera>
							<inputfile>{workspace}\gracefo_dataset\gracefo_1B_{loopTime:%D}_RL04.ascii.noLRI\SCA1B_{loopTime:%D}_D_04.txt</inputfile>
						</GraceL1b2StarCamera>
					</program>
					<program comment="{workspace}/input/demo/grace-d_accelerometer_{loopTime:%D}.txt">
						<GraceL1b2Accelerometer>
							<outputfileAccelerometer>{workspace}/input/demo/grace-d_accelerometer_{loopTime:%D}.txt</outputfileAccelerometer>
							<inputfile>{workspace}\gracefo_dataset\gracefo_1B_{loopTime:%D}_RL04.ascii.noLRI\ACT1B_{loopTime:%D}_D_04.txt</inputfile>
						</GraceL1b2Accelerometer>
					</program>
				</GroupPrograms>
			</program>
			<program comment="GRACE-D">
				<GroupPrograms>
					<silently>0</silently>
					<program comment="GRACE-D">
						<GraceL1b2Accelerometer>
							<outputfileAccelerometer>{workspace}/input/{loopTime:%D}/gracefo-d_ACT1B_{loopTime:%D}.txt</outputfileAccelerometer>
							<inputfile>{workspace}\gracefo_dataset\gracefo_1B_{loopTime:%D}_RL04.ascii.noLRI\ACT1B_{loopTime:%D}_D_04.txt</inputfile>
						</GraceL1b2Accelerometer>
					</program>
					<program comment="{workspace}/input/{loopTime:%D}/gracefo-d_GNV1B_{loopTime:%D}.txt">
						<GraceL1b2Orbit>
							<outputfileOrbit>{workspace}/input/{loopTime:%D}/gracefo-d_GNV1B_{loopTime:%D}.txt</outputfileOrbit>
							<earthRotation>
								<file>
									<inputfileEOP>{groopsDataDir}/earthRotation/timeSeries_EOP_rapid_IAU2000_desai.dat</inputfileEOP>
									<interpolationDegree>3</interpolationDegree>
								</file>
							</earthRotation>
							<inputfile>{workspace}\gracefo_dataset\gracefo_1B_{loopTime:%D}_RL04.ascii.noLRI\GNV1B_{loopTime:%D}_D_04.txt</inputfile>
						</GraceL1b2Orbit>
					</program>
					<program comment="{workspace}/input/{loopTime:%D}/gracefo-d_SCA1B_{loopTime:%D}.txt">
						<GraceL1b2StarCamera>
							<outputfileStarCamera>{workspace}/input/{loopTime:%D}/gracefo-d_SCA1B_{loopTime:%D}.txt</outputfileStarCamera>
							<inputfile>{workspace}\gracefo_dataset\gracefo_1B_{loopTime:%D}_RL04.ascii.noLRI\SCA1B_{loopTime:%D}_D_04.txt</inputfile>
						</GraceL1b2StarCamera>
					</program>
					<program comment="{workspace}/input/{loopTime:%D}/gracefo-d_ACT1B_{loopTime:%D}.txt">
						<InstrumentReduceSampling>
							<outputfileInstrument>{workspace}/input/{loopTime:%D}/gracefo-d_ACT1B_{loopTime:%D}.txt</outputfileInstrument>
							<inputfileInstrument>{workspace}/input/{loopTime:%D}/gracefo-d_ACT1B_{loopTime:%D}.txt</inputfileInstrument>
							<sampling link="resampleInterval"/>
							<margin>1e-5</margin>
							<relative2FirstEpoch>0</relative2FirstEpoch>
						</InstrumentReduceSampling>
					</program>
					<program comment="{workspace}/input/{loopTime:%D}/gracefo-d_GNV1B_{loopTime:%D}.txt">
						<InstrumentReduceSampling>
							<outputfileInstrument>{workspace}/input/{loopTime:%D}/gracefo-d_GNV1B_{loopTime:%D}.txt</outputfileInstrument>
							<inputfileInstrument>{workspace}/input/{loopTime:%D}/gracefo-d_GNV1B_{loopTime:%D}.txt</inputfileInstrument>
							<sampling link="resampleInterval"/>
							<margin>1e-5</margin>
							<relative2FirstEpoch>0</relative2FirstEpoch>
						</InstrumentReduceSampling>
					</program>
					<program comment="{workspace}/input/{loopTime:%D}/gracefo-d_SCA1B_{loopTime:%D}.txt">
						<InstrumentReduceSampling>
							<outputfileInstrument>{workspace}/input/{loopTime:%D}/gracefo-d_SCA1B_{loopTime:%D}.txt</outputfileInstrument>
							<inputfileInstrument>{workspace}/input/{loopTime:%D}/gracefo-d_SCA1B_{loopTime:%D}.txt</inputfileInstrument>
							<sampling link="resampleInterval"/>
							<margin>1e-5</margin>
							<relative2FirstEpoch>0</relative2FirstEpoch>
						</InstrumentReduceSampling>
					</program>
					<program comment="{workspace}/input/{loopTime:%D}/gracefo-d_ACT1B_{loopTime:%D}.txt">
						<InstrumentRemoveEpochsByCriteria>
							<outputfileInstrument>{workspace}/input/{loopTime:%D}/gracefo-d_ACT1B_{loopTime:%D}.txt</outputfileInstrument>
							<inputfileInstrument>{workspace}/input/{loopTime:%D}/gracefo-d_ACT1B_{loopTime:%D}.txt</inputfileInstrument>
							<removalCriteria>abs(data0-data0median) &gt; 1E-5</removalCriteria>
							<removalCriteria>abs(data1-data1median) &gt; 1E-5</removalCriteria>
							<removalCriteria>abs(data2-data2median) &gt; 1E-5</removalCriteria>
							<margin>1e-5</margin>
						</InstrumentRemoveEpochsByCriteria>
					</program>
					<program>
						<InstrumentSynchronize>
							<data>
								<outputfileInstrument>{workspace}/input/{loopTime:%D}/gracefo-d_ACT1B_{loopTime:%D}.txt</outputfileInstrument>
								<inputfileInstrument>{workspace}/input/{loopTime:%D}/gracefo-d_ACT1B_{loopTime:%D}.txt</inputfileInstrument>
							</data>
							<data>
								<outputfileInstrument>{workspace}/input/{loopTime:%D}/gracefo-d_GNV1B_{loopTime:%D}.txt</outputfileInstrument>
								<inputfileInstrument>{workspace}/input/{loopTime:%D}/gracefo-d_GNV1B_{loopTime:%D}.txt</inputfileInstrument>
							</data>
							<data>
								<outputfileInstrument>{workspace}/input/{loopTime:%D}/gracefo-d_SCA1B_{loopTime:%D}.txt</outputfileInstrument>
								<inputfileInstrument>{workspace}/input/{loopTime:%D}/gracefo-d_SCA1B_{loopTime:%D}.txt</inputfileInstrument>
							</data>
							<margin>1e-5</margin>
							<minArcLength>1</minArcLength>
						</InstrumentSynchronize>
					</program>
					<program comment="{workspace}/input/{loopTime:%D}/gracefo-d_ACC1B_{loopTime:%D}_SIMU.txt">
						<SimulateAccelerometer>
							<outputfileAccelerometer>{workspace}/input/{loopTime:%D}/gracefo-d_ACC1B_{loopTime:%D}_SIMU.txt</outputfileAccelerometer>
							<inputfileSatelliteModel>{groopsDataDir}/satelliteModel/gracefo2_satelliteModel.xml</inputfileSatelliteModel>
							<inputfileOrbit>{workspace}/input/{loopTime:%D}/gracefo-d_GNV1B_{loopTime:%D}.txt</inputfileOrbit>
							<inputfileStarCamera>{workspace}/input/{loopTime:%D}/gracefo-d_SCA1B_{loopTime:%D}.txt</inputfileStarCamera>
							<earthRotation>
								<file>
									<inputfileEOP>{groopsDataDir}/earthRotation/timeSeries_EOP_rapid_IAU2000_desai.dat</inputfileEOP>
									<interpolationDegree>3</interpolationDegree>
								</file>
							</earthRotation>
							<ephemerides>
								<jpl>
									<inputfileEphemerides>{groopsDataDir}/tides/ephemerides_JPL_DE432.dat</inputfileEphemerides>
									<origin>
										<earth/>
									</origin>
								</jpl>
							</ephemerides>
							<forces>
								<miscAccelerations>
									<solarRadiationPressure>
										<solarflux>1367</solarflux>
										<eclipse>
											<conical/>
										</eclipse>
										<factor>1.0</factor>
									</solarRadiationPressure>
								</miscAccelerations>
								<miscAccelerations>
									<albedo>
										<inputfileReflectivity>{groopsDataDir}/albedo/earth_ceres_reflectivity_grid2.5.dat</inputfileReflectivity>
										<inputfileEmissivity>{groopsDataDir}/albedo/earth_ceres_emissivity_grid2.5.dat</inputfileEmissivity>
										<solarflux>1367</solarflux>
										<factor>1.0</factor>
									</albedo>
								</miscAccelerations>
								<miscAccelerations>
									<atmosphericDrag>
										<thermosphere>
											<nrlmsis2>
												<inputfileMsis>{groopsDataDir}/thermosphere/nrlmsis2/inputMSIS.txt</inputfileMsis>
												<inputfileModelParameters>{groopsDataDir}/thermosphere/nrlmsis2/msis20.parm</inputfileModelParameters>
												<inputfileMagnetic3hAp>{groopsDataDir}/thermosphere/hwm14/apActivity.txt</inputfileMagnetic3hAp>
												<hwm14DataDirectory>{groopsDataDir}/thermosphere/hwm14</hwm14DataDirectory>
											</nrlmsis2>
										</thermosphere>
										<earthRotation>7.29211585531e-5</earthRotation>
										<considerTemperature>0</considerTemperature>
										<considerWind>0</considerWind>
										<factor>1.0</factor>
									</atmosphericDrag>
								</miscAccelerations>
							</forces>
						</SimulateAccelerometer>
					</program>
					<program comment="{workspace}/input/{loopTime:%D}/gracefo-d_ACC1B_{loopTime:%D}.txt">
						<InstrumentAccelerometerEstimateBiasScale>
							<outputfileAccelerometer>{workspace}/input/{loopTime:%D}/gracefo-d_ACC1B_{loopTime:%D}.txt</outputfileAccelerometer>
							<inputfileAccelerometer>{workspace}/input/{loopTime:%D}/gracefo-d_ACT1B_{loopTime:%D}.txt</inputfileAccelerometer>
							<inputfileAccelerometerSim>{workspace}/input/{loopTime:%D}/gracefo-d_ACC1B_{loopTime:%D}_SIMU.txt</inputfileAccelerometerSim>
							<marginThruster>1e-5</marginThruster>
							<ephemerides>
								<jpl>
									<inputfileEphemerides>{groopsDataDir}/tides/ephemerides_JPL_DE432.dat</inputfileEphemerides>
									<origin>
										<earth/>
									</origin>
								</jpl>
							</ephemerides>
							<inputfileSatelliteModel>{groopsDataDir}\satelliteModel\gracefo1_satelliteModel.xml</inputfileSatelliteModel>
							<parametrizationAcceleration>
								<accBias>
									<estimateX>1</estimateX>
									<estimateY>1</estimateY>
									<estimateZ>1</estimateZ>
									<temporal>
										<constant>
											<includeLastTime>0</includeLastTime>
										</constant>
									</temporal>
									<perArc>0</perArc>
								</accBias>
							</parametrizationAcceleration>
						</InstrumentAccelerometerEstimateBiasScale>
					</program>
				</GroupPrograms>
			</program>
			<program comment="GRACE-D">
				<InstrumentReduceSampling>
					<outputfileInstrument>{workspace}\input\demo\grace-d_approximateOrbit_{loopTime:%D}.txt</outputfileInstrument>
					<inputfileInstrument>{workspace}\input\demo\grace-d_approximateOrbit_{loopTime:%D}.txt</inputfileInstrument>
					<sampling link="resampleInterval"/>
					<margin>1e-5</margin>
					<relative2FirstEpoch>0</relative2FirstEpoch>
				</InstrumentReduceSampling>
			</program>
			<program comment="GRACE-D">
				<InstrumentSynchronize>
					<data>
						<outputfileInstrument>{workspace}\input\demo\grace-d_accelerometer_{loopTime:%D}.txt</outputfileInstrument>
						<inputfileInstrument>{workspace}\input\demo\grace-d_accelerometer_{loopTime:%D}.txt</inputfileInstrument>
					</data>
					<data>
						<outputfileInstrument>{workspace}\input\demo\grace-d_starCamera_{loopTime:%D}.txt</outputfileInstrument>
						<inputfileInstrument>{workspace}\input\demo\grace-d_starCamera_{loopTime:%D}.txt</inputfileInstrument>
					</data>
					<data>
						<outputfileInstrument>{workspace}\input\demo\grace-d_approximateOrbit_{loopTime:%D}.txt</outputfileInstrument>
						<inputfileInstrument>{workspace}\input\demo\grace-d_approximateOrbit_{loopTime:%D}.txt</inputfileInstrument>
					</data>
					<margin>1e-5</margin>
					<minArcLength>1</minArcLength>
				</InstrumentSynchronize>
			</program>
			<program comment="GRACE-C">
				<PreprocessingVariationalEquation>
					<outputfileVariational>{workspace}/output/{loopTime:%D}/grace-c_variationalEquations_{loopTime:%D}_{backgroundmodel}.txt</outputfileVariational>
					<outputfileOrbit>{workspace}/output/{loopTime:%D}/grace-c_integratedOrbit_{loopTime:%D}_{backgroundmodel}.txt</outputfileOrbit>
					<inputfileOrbit>{workspace}/input/demo/grace-c_approximateOrbit_{loopTime:%D}.txt</inputfileOrbit>
					<inputfileStarCamera>{workspace}/input/demo/grace-c_starCamera_{loopTime:%D}.txt</inputfileStarCamera>
					<inputfileAccelerometer>{workspace}/input/{loopTime:%D}/gracefo-c_ACC1B_{loopTime:%D}.txt</inputfileAccelerometer>
					<forces>
						<gravityfield>
							<potentialCoefficients>
								<inputfilePotentialCoefficients>{groopsDataDir}\potential\GOCO06s_SHC2019_combined_output.gfc</inputfilePotentialCoefficients>
								<minDegree>0</minDegree>
								<maxDegree>200</maxDegree>
								<factor>1.0</factor>
								<setSigmasToZero>0</setSigmasToZero>
							</potentialCoefficients>
						</gravityfield>
						<gravityfield>
							<timeSplines>
								<inputfileTimeSplinesGravityfield>input\{loopTime:%D}\de_{loopTime:%D}.txt</inputfileTimeSplinesGravityfield>
								<minDegree>0</minDegree>
								<factor>1.0</factor>
							</timeSplines>
						</gravityfield>
						<tides>
							<astronomicalTide>
								<useMoon>1</useMoon>
								<useSun>1</useSun>
								<usePlanets>1</usePlanets>
								<useEarth>1</useEarth>
								<c20Earth>-4.84166854896119e-04</c20Earth>
								<factor>1.0</factor>
							</astronomicalTide>
						</tides>
						<tides>
							<earthTide>
								<inputfileEarthtide>{groopsDataDir}/tides/earthAnelastic2003.xml</inputfileEarthtide>
								<includePermanentTide>1</includePermanentTide>
								<factor>1.0</factor>
							</earthTide>
						</tides>
						<tides>
							<doodsonHarmonicTide>
								<inputfileTides>{groopsDataDir}/tides/oceanTide_fes2014b_n180_version20170520.dat</inputfileTides>
								<inputfileAdmittance>{groopsDataDir}/tides/oceanTide_fes2014b_admittance_linear_linear.txt</inputfileAdmittance>
								<minDegree>2</minDegree>
								<nodeCorr>0</nodeCorr>
								<factor>1.0</factor>
							</doodsonHarmonicTide>
						</tides>
						<tides>
							<poleTide>
								<scale>1.333e-9</scale>
								<outPhase>0.0115</outPhase>
								<inputfileMeanPole>{groopsDataDir}/tides/secularPole2018.xml</inputfileMeanPole>
								<horizontalDisplacement>0.009</horizontalDisplacement>
								<verticalDisplacement>0.033</verticalDisplacement>
								<factor>1.0</factor>
							</poleTide>
						</tides>
						<tides>
							<oceanPoleTide>
								<inputfileOceanPole>{groopsDataDir}/tides/oceanPoleTide_desai2004.dat</inputfileOceanPole>
								<minDegree>2</minDegree>
								<gammaReal>0.6870</gammaReal>
								<gammaImaginary>0.0036</gammaImaginary>
								<inputfileMeanPole>{groopsDataDir}/tides/secularPole2018.xml</inputfileMeanPole>
								<factor>1.0</factor>
							</oceanPoleTide>
						</tides>
						<miscAccelerations>
							<relativisticEffect>
								<beta>1.0</beta>
								<gamma>1.0</gamma>
								<J>9.8e8</J>
								<GM>3.986004415e+14</GM>
								<factor>1.0</factor>
							</relativisticEffect>
						</miscAccelerations>
					</forces>
					<earthRotation>
						<file>
							<inputfileEOP>{groopsDataDir}/earthRotation/timeSeries_EOP_rapid_IAU2000_desai.dat</inputfileEOP>
							<interpolationDegree>3</interpolationDegree>
						</file>
					</earthRotation>
					<ephemerides>
						<jpl>
							<inputfileEphemerides>{groopsDataDir}/tides/ephemerides_JPL_DE432.dat</inputfileEphemerides>
							<origin>
								<earth/>
							</origin>
						</jpl>
					</ephemerides>
					<gradientfield>
						<potentialCoefficients>
							<inputfilePotentialCoefficients>{groopsDataDir}\potential\GOCO06s_SHC2019_combined_output.gfc</inputfilePotentialCoefficients>
							<minDegree>0</minDegree>
							<maxDegree>200</maxDegree>
							<factor>1.0</factor>
							<setSigmasToZero>0</setSigmasToZero>
						</potentialCoefficients>
					</gradientfield>
					<integrationDegree>7</integrationDegree>
					<useEnke>
						<GM>3.986004415e+14</GM>
					</useEnke>
				</PreprocessingVariationalEquation>
			</program>
			<program comment="GRACE-D">
				<PreprocessingVariationalEquation>
					<outputfileVariational>{workspace}/output/{loopTime:%D}/grace-d_variationalEquations_{loopTime:%D}_{backgroundmodel}.txt</outputfileVariational>
					<outputfileOrbit>{workspace}/output/{loopTime:%D}/grace-d_integratedOrbit_{loopTime:%D}_{backgroundmodel}.txt</outputfileOrbit>
					<inputfileOrbit>{workspace}/input/demo/grace-d_approximateOrbit_{loopTime:%D}.txt</inputfileOrbit>
					<inputfileStarCamera>{workspace}/input/demo/grace-d_starCamera_{loopTime:%D}.txt</inputfileStarCamera>
					<inputfileAccelerometer>{workspace}/input/{loopTime:%D}/gracefo-d_ACC1B_{loopTime:%D}.txt</inputfileAccelerometer>
					<forces>
						<gravityfield>
							<potentialCoefficients>
								<inputfilePotentialCoefficients>{groopsDataDir}\potential\GOCO06s_SHC2019_combined_output.gfc</inputfilePotentialCoefficients>
								<minDegree>0</minDegree>
								<maxDegree>200</maxDegree>
								<factor>1.0</factor>
								<setSigmasToZero>0</setSigmasToZero>
							</potentialCoefficients>
						</gravityfield>
						<gravityfield>
							<timeSplines>
								<inputfileTimeSplinesGravityfield>input\{loopTime:%D}\de_{loopTime:%D}.txt</inputfileTimeSplinesGravityfield>
								<minDegree>0</minDegree>
								<factor>1.0</factor>
							</timeSplines>
						</gravityfield>
						<tides>
							<astronomicalTide>
								<useMoon>1</useMoon>
								<useSun>1</useSun>
								<usePlanets>1</usePlanets>
								<useEarth>1</useEarth>
								<c20Earth>-4.84166854896119e-04</c20Earth>
								<factor>1.0</factor>
							</astronomicalTide>
						</tides>
						<tides>
							<earthTide>
								<inputfileEarthtide>{groopsDataDir}/tides/earthAnelastic2003.xml</inputfileEarthtide>
								<includePermanentTide>1</includePermanentTide>
								<factor>1.0</factor>
							</earthTide>
						</tides>
						<tides>
							<doodsonHarmonicTide>
								<inputfileTides>{groopsDataDir}/tides/oceanTide_fes2014b_n180_version20170520.dat</inputfileTides>
								<inputfileAdmittance>{groopsDataDir}/tides/oceanTide_fes2014b_admittance_linear_linear.txt</inputfileAdmittance>
								<minDegree>2</minDegree>
								<nodeCorr>0</nodeCorr>
								<factor>1.0</factor>
							</doodsonHarmonicTide>
						</tides>
						<tides>
							<poleTide>
								<scale>1.333e-9</scale>
								<outPhase>0.0115</outPhase>
								<inputfileMeanPole>{groopsDataDir}/tides/secularPole2018.xml</inputfileMeanPole>
								<horizontalDisplacement>0.009</horizontalDisplacement>
								<verticalDisplacement>0.033</verticalDisplacement>
								<factor>1.0</factor>
							</poleTide>
						</tides>
						<tides>
							<oceanPoleTide>
								<inputfileOceanPole>{groopsDataDir}/tides/oceanPoleTide_desai2004.dat</inputfileOceanPole>
								<minDegree>2</minDegree>
								<gammaReal>0.6870</gammaReal>
								<gammaImaginary>0.0036</gammaImaginary>
								<inputfileMeanPole>{groopsDataDir}/tides/secularPole2018.xml</inputfileMeanPole>
								<factor>1.0</factor>
							</oceanPoleTide>
						</tides>
						<miscAccelerations>
							<relativisticEffect>
								<beta>1.0</beta>
								<gamma>1.0</gamma>
								<J>9.8e8</J>
								<GM>3.986004415e+14</GM>
								<factor>1.0</factor>
							</relativisticEffect>
						</miscAccelerations>
					</forces>
					<earthRotation>
						<file>
							<inputfileEOP>{groopsDataDir}/earthRotation/timeSeries_EOP_rapid_IAU2000_desai.dat</inputfileEOP>
							<interpolationDegree>3</interpolationDegree>
						</file>
					</earthRotation>
					<ephemerides>
						<jpl>
							<inputfileEphemerides>{groopsDataDir}/tides/ephemerides_JPL_DE432.dat</inputfileEphemerides>
							<origin>
								<earth/>
							</origin>
						</jpl>
					</ephemerides>
					<gradientfield>
						<potentialCoefficients>
							<inputfilePotentialCoefficients>{groopsDataDir}\potential\GOCO06s_SHC2019_combined_output.gfc</inputfilePotentialCoefficients>
							<minDegree>0</minDegree>
							<maxDegree>200</maxDegree>
							<factor>1.0</factor>
							<setSigmasToZero>0</setSigmasToZero>
						</potentialCoefficients>
					</gradientfield>
					<integrationDegree>7</integrationDegree>
					<useEnke>
						<GM>3.986004415e+14</GM>
					</useEnke>
				</PreprocessingVariationalEquation>
			</program>
			<program comment="GRACE-C">
				<PreprocessingVariationalEquationOrbitFit>
					<outputfileVariational>{workspace}\output/{loopTime:%D}\grace-c_variationalEquationsFit_{loopTime:%D}_{backgroundmodel}.txt</outputfileVariational>
					<outputfileOrbit>{workspace}\output/{loopTime:%D}\grace-c_integratedOrbitFit_{loopTime:%D}_{backgroundmodel}.txt</outputfileOrbit>
					<inputfileVariational>{workspace}\output/{loopTime:%D}\grace-c_variationalEquations_{loopTime:%D}_{backgroundmodel}.txt</inputfileVariational>
					<inputfileOrbit>{workspace}\output/{loopTime:%D}\grace-c_integratedOrbit_{loopTime:%D}_{backgroundmodel}.txt</inputfileOrbit>
					<ephemerides>
						<jpl>
							<inputfileEphemerides>{groopsDataDir}/tides/ephemerides_JPL_DE432.dat</inputfileEphemerides>
							<origin>
								<earth/>
							</origin>
						</jpl>
					</ephemerides>
					<parametrizationAcceleration>
						<accelerometerScaleFactors>
							<inputfileAccelerometer>{workspace}/input/{loopTime:%D}/gracefo-c_ACT1B_{loopTime:%D}.txt</inputfileAccelerometer>
							<estimateX>1</estimateX>
							<estimateY>1</estimateY>
							<estimateZ>1</estimateZ>
							<estimateCrossTalk>0</estimateCrossTalk>
							<estimateRotation>0</estimateRotation>
							<temporal>
								<constant>
									<includeLastTime>0</includeLastTime>
								</constant>
							</temporal>
							<perArc>0</perArc>
						</accelerometerScaleFactors>
					</parametrizationAcceleration>
					<parametrizationAcceleration>
						<accBias>
							<estimateX>1</estimateX>
							<estimateY>1</estimateY>
							<estimateZ>1</estimateZ>
							<temporal>
								<constant>
									<includeLastTime>0</includeLastTime>
								</constant>
							</temporal>
							<perArc>0</perArc>
						</accBias>
					</parametrizationAcceleration>
					<integrationDegree>7</integrationDegree>
					<interpolationDegree>7</interpolationDegree>
					<iterationCount>10</iterationCount>
				</PreprocessingVariationalEquationOrbitFit>
			</program>
			<program comment="GRACE-D">
				<PreprocessingVariationalEquationOrbitFit>
					<outputfileVariational>{workspace}\output/{loopTime:%D}\grace-d_variationalEquationsFit_{loopTime:%D}_{backgroundmodel}.txt</outputfileVariational>
					<outputfileOrbit>{workspace}\output/{loopTime:%D}\grace-d_integratedOrbitFit_{loopTime:%D}_{backgroundmodel}.txt</outputfileOrbit>
					<inputfileVariational>{workspace}\output/{loopTime:%D}\grace-d_variationalEquations_{loopTime:%D}_{backgroundmodel}.txt</inputfileVariational>
					<inputfileOrbit>{workspace}\output/{loopTime:%D}\grace-d_integratedOrbit_{loopTime:%D}_{backgroundmodel}.txt</inputfileOrbit>
					<ephemerides>
						<jpl>
							<inputfileEphemerides>{groopsDataDir}/tides/ephemerides_JPL_DE432.dat</inputfileEphemerides>
							<origin>
								<earth/>
							</origin>
						</jpl>
					</ephemerides>
					<parametrizationAcceleration>
						<accelerometerScaleFactors>
							<inputfileAccelerometer>{workspace}/input/{loopTime:%D}/gracefo-d_ACT1B_{loopTime:%D}.txt</inputfileAccelerometer>
							<estimateX>1</estimateX>
							<estimateY>1</estimateY>
							<estimateZ>1</estimateZ>
							<estimateCrossTalk>0</estimateCrossTalk>
							<estimateRotation>0</estimateRotation>
							<temporal>
								<constant>
									<includeLastTime>0</includeLastTime>
								</constant>
							</temporal>
							<perArc>0</perArc>
						</accelerometerScaleFactors>
					</parametrizationAcceleration>
					<parametrizationAcceleration>
						<accBias>
							<estimateX>1</estimateX>
							<estimateY>1</estimateY>
							<estimateZ>1</estimateZ>
							<temporal>
								<constant>
									<includeLastTime>0</includeLastTime>
								</constant>
							</temporal>
							<perArc>0</perArc>
						</accBias>
					</parametrizationAcceleration>
					<integrationDegree>7</integrationDegree>
					<interpolationDegree>7</interpolationDegree>
					<iterationCount>10</iterationCount>
				</PreprocessingVariationalEquationOrbitFit>
			</program>
			<program>
				<GroupPrograms>
					<silently>0</silently>
					<program comment="{workspace}\output/{loopTime:%D}\grace-c_integratedOrbitFit_EF_{loopTime:%D}_{backgroundmodel}.txt">
						<Orbit2EarthFixedOrbit>
							<outputfileOrbit>{workspace}\output/{loopTime:%D}\grace-c_integratedOrbitFit_EF_{loopTime:%D}_{backgroundmodel}.txt</outputfileOrbit>
							<inputfileOrbit>{workspace}\output/{loopTime:%D}\grace-c_integratedOrbitFit_{loopTime:%D}_{backgroundmodel}.txt</inputfileOrbit>
							<earthRotation>
								<file>
									<inputfileEOP>{groopsDataDir}/earthRotation/timeSeries_EOP_rapid_IAU2000_desai.dat</inputfileEOP>
									<interpolationDegree>3</interpolationDegree>
								</file>
							</earthRotation>
							<gravityfield>
								<tides>
									<tides>
										<doodsonHarmonicTide>
											<inputfileTides>{groopsDataDir}/tides/oceanTide_fes2014b_n180_version20170520.dat</inputfileTides>
											<inputfileAdmittance>{groopsDataDir}/tides/oceanTide_fes2014b_admittance_linear_linear.txt</inputfileAdmittance>
											<minDegree>1</minDegree>
											<maxDegree>1</maxDegree>
											<nodeCorr>0</nodeCorr>
											<factor>1.0</factor>
										</doodsonHarmonicTide>
									</tides>
									<earthRotation>
										<file>
											<inputfileEOP>{groopsDataDir}/earthRotation/timeSeries_EOP_rapid_IAU2000_desai.dat</inputfileEOP>
											<interpolationDegree>3</interpolationDegree>
										</file>
									</earthRotation>
									<ephemerides>
										<jpl>
											<inputfileEphemerides>{groopsDataDir}/tides/ephemerides_JPL_DE432.dat</inputfileEphemerides>
											<origin>
												<earth/>
											</origin>
										</jpl>
									</ephemerides>
								</tides>
							</gravityfield>
							<celestial2terrestrial>1</celestial2terrestrial>
						</Orbit2EarthFixedOrbit>
					</program>
					<program comment="{workspace}\output/{loopTime:%D}\grace-d_integratedOrbitFit_EF_{loopTime:%D}_{backgroundmodel}.txt">
						<Orbit2EarthFixedOrbit>
							<outputfileOrbit>{workspace}\output/{loopTime:%D}\grace-d_integratedOrbitFit_EF_{loopTime:%D}_{backgroundmodel}.txt</outputfileOrbit>
							<inputfileOrbit>{workspace}\output/{loopTime:%D}\grace-d_integratedOrbitFit_{loopTime:%D}_{backgroundmodel}.txt</inputfileOrbit>
							<earthRotation>
								<file>
									<inputfileEOP>{groopsDataDir}/earthRotation/timeSeries_EOP_rapid_IAU2000_desai.dat</inputfileEOP>
									<interpolationDegree>3</interpolationDegree>
								</file>
							</earthRotation>
							<gravityfield>
								<tides>
									<tides>
										<doodsonHarmonicTide>
											<inputfileTides>{groopsDataDir}/tides/oceanTide_fes2014b_n180_version20170520.dat</inputfileTides>
											<inputfileAdmittance>{groopsDataDir}/tides/oceanTide_fes2014b_admittance_linear_linear.txt</inputfileAdmittance>
											<minDegree>1</minDegree>
											<maxDegree>1</maxDegree>
											<nodeCorr>0</nodeCorr>
											<factor>1.0</factor>
										</doodsonHarmonicTide>
									</tides>
									<earthRotation>
										<file>
											<inputfileEOP>{groopsDataDir}/earthRotation/timeSeries_EOP_rapid_IAU2000_desai.dat</inputfileEOP>
											<interpolationDegree>3</interpolationDegree>
										</file>
									</earthRotation>
									<ephemerides>
										<jpl>
											<inputfileEphemerides>{groopsDataDir}/tides/ephemerides_JPL_DE432.dat</inputfileEphemerides>
											<origin>
												<earth/>
											</origin>
										</jpl>
									</ephemerides>
								</tides>
							</gravityfield>
							<celestial2terrestrial>1</celestial2terrestrial>
						</Orbit2EarthFixedOrbit>
					</program>
				</GroupPrograms>
			</program>
			<program comment="{workspace}\output/{loopTime:%D}\grace-fo_satelliteTracking_{loopTime:%D}_{backgroundmodel}.txt">
				<SimulateSatelliteTracking>
					<outputfileSatelliteTracking>{workspace}\output/{loopTime:%D}\grace-fo_satelliteTracking_{loopTime:%D}_{backgroundmodel}.txt</outputfileSatelliteTracking>
					<inputfileOrbit1>{workspace}\output/{loopTime:%D}\grace-c_integratedOrbitFit_{loopTime:%D}_{backgroundmodel}.txt</inputfileOrbit1>
					<inputfileOrbit2>{workspace}\output/{loopTime:%D}\grace-d_integratedOrbitFit_{loopTime:%D}_{backgroundmodel}.txt</inputfileOrbit2>
				</SimulateSatelliteTracking>
			</program>
			<program comment="BOTH">
				<GraceL1b2SatelliteTracking>
					<outputfileSatelliteTracking>{workspace}/input/{loopTime:%D}/gracefo_satelliteTracking_{loopTime:%D}.txt</outputfileSatelliteTracking>
					<outputfileAntCentr>{workspace}/input/{loopTime:%D}/gracefo_antCentr_{loopTime:%D}.txt</outputfileAntCentr>
					<outputfileLighttime>{workspace}/input/{loopTime:%D}/gracefo_lightTime_{loopTime:%D}.txt</outputfileLighttime>
					<inputfile>{workspace}\gracefo_dataset\gracefo_1B_{loopTime:%D}_RL04.ascii.noLRI\KBR1B_{loopTime:%D}_Y_04.txt</inputfile>
				</GraceL1b2SatelliteTracking>
			</program>
			<program>
				<GroupPrograms>
					<silently>0</silently>
					<program comment="{workspace}/input/{loopTime:%D}/gracefo_lightTime_{loopTime:%D}.txt">
						<InstrumentResample>
							<outputfileInstrument>{workspace}/input/{loopTime:%D}/gracefo_lightTime_{loopTime:%D}.txt</outputfileInstrument>
							<inputfileInstrument>{workspace}/input/{loopTime:%D}/gracefo_lightTime_{loopTime:%D}.txt</inputfileInstrument>
							<method>
								<polynomial>
									<polynomialDegree>7</polynomialDegree>
									<maxDataPointRange>-(3+1.1)</maxDataPointRange>
									<maxExtrapolationDistance>-1.1</maxExtrapolationDistance>
								</polynomial>
							</method>
							<timeSeries>
								<instrument>
									<inputfileInstrument>{workspace}\input\demo\grace-d_approximateOrbit_{loopTime:%D}.txt</inputfileInstrument>
								</instrument>
							</timeSeries>
						</InstrumentResample>
					</program>
					<program comment="{workspace}/input/{loopTime:%D}/gracefo_antCentr_{loopTime:%D}.txt">
						<InstrumentResample>
							<outputfileInstrument>{workspace}/input/{loopTime:%D}/gracefo_antCentr_{loopTime:%D}.txt</outputfileInstrument>
							<inputfileInstrument>{workspace}/input/{loopTime:%D}/gracefo_antCentr_{loopTime:%D}.txt</inputfileInstrument>
							<method>
								<polynomial>
									<polynomialDegree>3</polynomialDegree>
									<maxDataPointRange>-(3+1.1)</maxDataPointRange>
									<maxExtrapolationDistance>-1.1</maxExtrapolationDistance>
								</polynomial>
							</method>
							<timeSeries>
								<instrument>
									<inputfileInstrument>{workspace}\input\demo\grace-d_approximateOrbit_{loopTime:%D}.txt</inputfileInstrument>
								</instrument>
							</timeSeries>
						</InstrumentResample>
					</program>
					<program comment="{workspace}/input/{loopTime:%D}/gracefo_satelliteTracking_{loopTime:%D}.txt">
						<InstrumentResample>
							<outputfileInstrument>{workspace}/input/{loopTime:%D}/gracefo_satelliteTracking_{loopTime:%D}.txt</outputfileInstrument>
							<inputfileInstrument>{workspace}/input/{loopTime:%D}/gracefo_satelliteTracking_{loopTime:%D}.txt</inputfileInstrument>
							<method>
								<polynomial>
									<polynomialDegree>3</polynomialDegree>
									<maxDataPointRange>-(3+1.1)</maxDataPointRange>
									<maxExtrapolationDistance>-1.1</maxExtrapolationDistance>
								</polynomial>
							</method>
							<timeSeries>
								<instrument>
									<inputfileInstrument>{workspace}\input\demo\grace-d_approximateOrbit_{loopTime:%D}.txt</inputfileInstrument>
								</instrument>
							</timeSeries>
						</InstrumentResample>
					</program>
				</GroupPrograms>
			</program>
			<program>
				<InstrumentSynchronize>
					<data>
						<outputfileInstrument>{workspace}/input/demo/grace-c_approximateOrbit_{loopTime:%D}.txt</outputfileInstrument>
						<inputfileInstrument>{workspace}/input/demo/grace-c_approximateOrbit_{loopTime:%D}.txt</inputfileInstrument>
					</data>
					<data>
						<outputfileInstrument>{workspace}/input/demo/grace-c_starCamera_{loopTime:%D}.txt</outputfileInstrument>
						<inputfileInstrument>{workspace}/input/demo/grace-c_starCamera_{loopTime:%D}.txt</inputfileInstrument>
					</data>
					<data>
						<outputfileInstrument>{workspace}/input/{loopTime:%D}/gracefo-c_ACC1B_{loopTime:%D}.txt</outputfileInstrument>
						<inputfileInstrument>{workspace}/input/{loopTime:%D}/gracefo-c_ACC1B_{loopTime:%D}.txt</inputfileInstrument>
					</data>
					<data>
						<outputfileInstrument>{workspace}/input/{loopTime:%D}/gracefo_satelliteTracking_{loopTime:%D}.txt</outputfileInstrument>
						<inputfileInstrument>{workspace}/input/{loopTime:%D}/gracefo_satelliteTracking_{loopTime:%D}.txt</inputfileInstrument>
					</data>
					<data>
						<outputfileInstrument>{workspace}/input/{loopTime:%D}/gracefo_antCentr_{loopTime:%D}.txt</outputfileInstrument>
						<inputfileInstrument>{workspace}/input/{loopTime:%D}/gracefo_antCentr_{loopTime:%D}.txt</inputfileInstrument>
					</data>
					<data>
						<outputfileInstrument>{workspace}/input/{loopTime:%D}/gracefo_lightTime_{loopTime:%D}.txt</outputfileInstrument>
						<inputfileInstrument>{workspace}/input/{loopTime:%D}/gracefo_lightTime_{loopTime:%D}.txt</inputfileInstrument>
					</data>
					<data>
						<outputfileInstrument>{workspace}/input/demo/grace-d_approximateOrbit_{loopTime:%D}.txt</outputfileInstrument>
						<inputfileInstrument>{workspace}/input/demo/grace-d_approximateOrbit_{loopTime:%D}.txt</inputfileInstrument>
					</data>
					<data>
						<outputfileInstrument>{workspace}/input/demo/grace-d_starCamera_{loopTime:%D}.txt</outputfileInstrument>
						<inputfileInstrument>{workspace}/input/demo/grace-d_starCamera_{loopTime:%D}.txt</inputfileInstrument>
					</data>
					<data>
						<outputfileInstrument>{workspace}/input/{loopTime:%D}/gracefo-d_ACC1B_{loopTime:%D}.txt</outputfileInstrument>
						<inputfileInstrument>{workspace}/input/{loopTime:%D}/gracefo-d_ACC1B_{loopTime:%D}.txt</inputfileInstrument>
					</data>
					<margin>1e-5</margin>
					<minArcLength>1</minArcLength>
				</InstrumentSynchronize>
			</program>
			<program comment="BOTH">
				<PreprocessingVariationalEquationSstFit>
					<outputfileVariational1>{workspace}\output/{loopTime:%D}\grace-c_variationalEquationsFitFit_{loopTime:%D}_{backgroundmodel}_{instrument}.txt</outputfileVariational1>
					<outputfileVariational2>{workspace}\output/{loopTime:%D}\grace-d_variationalEquationsFitFit_{loopTime:%D}_{backgroundmodel}_{instrument}.txt</outputfileVariational2>
					<outputfileOrbit1>{workspace}\output/{loopTime:%D}\grace-c_integratedOrbitFitFit_{loopTime:%D}_{backgroundmodel}_{instrument}.txt</outputfileOrbit1>
					<outputfileOrbit2>{workspace}\output/{loopTime:%D}\grace-d_integratedOrbitFitFit_{loopTime:%D}_{backgroundmodel}_{instrument}.txt</outputfileOrbit2>
					<rightHandSide>
						<inputfileSatelliteTracking>{workspace}/input/{loopTime:%D}/gracefo_satelliteTracking_{loopTime:%D}.txt</inputfileSatelliteTracking>
						<inputfileSatelliteTracking>{workspace}/input/{loopTime:%D}/gracefo_antCentr_{loopTime:%D}.txt</inputfileSatelliteTracking>
						<inputfileSatelliteTracking>{workspace}/input/{loopTime:%D}/gracefo_lightTime_{loopTime:%D}.txt</inputfileSatelliteTracking>
						<inputfileOrbit1>{workspace}\output/{loopTime:%D}\grace-c_integratedOrbitFit_{loopTime:%D}_{backgroundmodel}.txt</inputfileOrbit1>
						<inputfileOrbit2>{workspace}\output/{loopTime:%D}\grace-d_integratedOrbitFit_{loopTime:%D}_{backgroundmodel}.txt</inputfileOrbit2>
					</rightHandSide>
					<sstType>
						<rangeRate/>
					</sstType>
					<inputfileVariational1>{workspace}\output/{loopTime:%D}\grace-c_variationalEquationsFit_{loopTime:%D}_{backgroundmodel}.txt</inputfileVariational1>
					<inputfileVariational2>{workspace}\output/{loopTime:%D}\grace-d_variationalEquationsFit_{loopTime:%D}_{backgroundmodel}.txt</inputfileVariational2>
					<ephemerides>
						<jpl>
							<inputfileEphemerides>{groopsDataDir}/tides/ephemerides_JPL_DE432.dat</inputfileEphemerides>
							<origin>
								<earth/>
							</origin>
						</jpl>
					</ephemerides>
					<parametrizationAcceleration1>
						<accelerometerScaleFactors>
							<inputfileAccelerometer>{workspace}/input/{loopTime:%D}/gracefo-c_ACT1B_{loopTime:%D}.txt</inputfileAccelerometer>
							<estimateX>1</estimateX>
							<estimateY>1</estimateY>
							<estimateZ>1</estimateZ>
							<estimateCrossTalk>0</estimateCrossTalk>
							<estimateRotation>0</estimateRotation>
							<temporal>
								<constant>
									<includeLastTime>0</includeLastTime>
								</constant>
							</temporal>
							<perArc>0</perArc>
						</accelerometerScaleFactors>
					</parametrizationAcceleration1>
					<parametrizationAcceleration1>
						<accBias>
							<estimateX>1</estimateX>
							<estimateY>1</estimateY>
							<estimateZ>1</estimateZ>
							<temporal>
								<constant>
									<includeLastTime>0</includeLastTime>
								</constant>
							</temporal>
							<perArc>0</perArc>
						</accBias>
					</parametrizationAcceleration1>
					<parametrizationAcceleration2>
						<accelerometerScaleFactors>
							<inputfileAccelerometer>{workspace}/input/{loopTime:%D}/gracefo-d_ACT1B_{loopTime:%D}.txt</inputfileAccelerometer>
							<estimateX>1</estimateX>
							<estimateY>1</estimateY>
							<estimateZ>1</estimateZ>
							<estimateCrossTalk>0</estimateCrossTalk>
							<estimateRotation>0</estimateRotation>
							<temporal>
								<constant>
									<includeLastTime>0</includeLastTime>
								</constant>
							</temporal>
							<perArc>0</perArc>
						</accelerometerScaleFactors>
					</parametrizationAcceleration2>
					<parametrizationAcceleration2>
						<accBias>
							<estimateX>1</estimateX>
							<estimateY>1</estimateY>
							<estimateZ>1</estimateZ>
							<temporal>
								<constant>
									<includeLastTime>0</includeLastTime>
								</constant>
							</temporal>
							<perArc>0</perArc>
						</accBias>
					</parametrizationAcceleration2>
					<integrationDegree>7</integrationDegree>
					<interpolationDegree>7</interpolationDegree>
					<covarianceSst>
						<sigma>1</sigma>
					</covarianceSst>
					<covariancePod1>
						<sigma>1</sigma>
					</covariancePod1>
					<covariancePod2>
						<sigma>1</sigma>
					</covariancePod2>
					<iterationCount>5</iterationCount>
				</PreprocessingVariationalEquationSstFit>
			</program>
			<program comment="{workspace}\output/{loopTime:%D}\grace-fo_satelliteTracking_{loopTime:%D}_{backgroundmodel}_{instrument}.txt">
				<SimulateSatelliteTracking>
					<outputfileSatelliteTracking>{workspace}\output/{loopTime:%D}\grace-fo_satelliteTracking_{loopTime:%D}_{backgroundmodel}_{instrument}.txt</outputfileSatelliteTracking>
					<inputfileOrbit1>{workspace}\output/{loopTime:%D}\grace-c_integratedOrbitFitFit_{loopTime:%D}_{backgroundmodel}_{instrument}.txt</inputfileOrbit1>
					<inputfileOrbit2>{workspace}\output/{loopTime:%D}\grace-d_integratedOrbitFitFit_{loopTime:%D}_{backgroundmodel}_{instrument}.txt</inputfileOrbit2>
				</SimulateSatelliteTracking>
			</program>
			<program comment="GroundTrack">
				<GroupPrograms>
					<silently>0</silently>
					<program comment="{workspace}/input/{loopTime:%D}/gracefo-c_GNV1B_{loopTime:%D}_ground.txt">
						<Orbit2Groundtracks>
							<outputfileGriddedData>{workspace}/input/{loopTime:%D}/gracefo-c_GNV1B_{loopTime:%D}_ground.txt</outputfileGriddedData>
							<inputfileOrbit>{workspace}/input/{loopTime:%D}/gracefo-c_GNV1B_{loopTime:%D}.txt</inputfileOrbit>
							<earthRotation>
								<file>
									<inputfileEOP>{groopsDataDir}/earthRotation/timeSeries_EOP_rapid_IAU2000_desai.dat</inputfileEOP>
									<interpolationDegree>3</interpolationDegree>
								</file>
							</earthRotation>
							<R>6378137.0</R>
							<inverseFlattening>298.2572221010</inverseFlattening>
						</Orbit2Groundtracks>
					</program>
					<program comment="{workspace}/image/groundTrack_{loopTime:%D}.png">
						<PlotMap>
							<outputfile>{workspace}/image/groundTrack_{loopTime:%D}.png</outputfile>
							<statisticInfos>0</statisticInfos>
							<layer>
								<politicalBoundary>
									<resolution>
										<full/>
									</resolution>
									<line>
										<solid>
											<width>0.25</width>
											<color>
												<black/>
											</color>
										</solid>
									</line>
								</politicalBoundary>
							</layer>
							<layer>
								<coast>
									<resolution>
										<medium/>
									</resolution>
									<line>
										<solid>
											<width>0.1</width>
											<color>
												<black/>
											</color>
										</solid>
									</line>
									<minArea>5000</minArea>
								</coast>
							</layer>
							<layer>
								<points>
									<inputfileGriddedData>{workspace}/input/{loopTime:%D}/gracefo-c_GNV1B_{loopTime:%D}_ground.txt</inputfileGriddedData>
									<symbol>
										<dash>
											<color>
												<red/>
											</color>
											<size>1</size>
											<blackContour>0</blackContour>
										</dash>
									</symbol>
									<drawLineAsGreatCircle>0</drawLineAsGreatCircle>
								</points>
							</layer>
							<R>6378137.0</R>
							<inverseFlattening>298.2572221010</inverseFlattening>
							<minLambda>70</minLambda>
							<maxLambda>150</maxLambda>
							<minPhi>15</minPhi>
							<maxPhi>55</maxPhi>
							<majorTickSpacing>0</majorTickSpacing>
							<minorTickSpacing>0</minorTickSpacing>
							<gridLineSpacing>0</gridLineSpacing>
							<projection>
								<linear/>
							</projection>
							<options>
								<width>12</width>
								<titleFontSize>12</titleFontSize>
								<marginTitle>0.4</marginTitle>
								<drawGridOnTop>0</drawGridOnTop>
								<options>FONT_ANNOT_PRIMARY=10p</options>
								<options>MAP_ANNOT_OFFSET_PRIMARY=0.1c</options>
								<options>FONT_LABEL=10p</options>
								<options>MAP_LABEL_OFFSET=0.1c</options>
								<options>FONT_ANNOT_SECONDARY=10p</options>
								<transparent>1</transparent>
								<dpi>900</dpi>
								<removeFiles>1</removeFiles>
							</options>
						</PlotMap>
					</program>
				</GroupPrograms>
			</program>
			<program>
				<GroupPrograms>
					<silently>0</silently>
					<program comment="{workspace}\output/{loopTime:%D}\grace-c_integratedOrbitFitFit_EF_{loopTime:%D}_{backgroundmodel}_{instrument}.txt">
						<Orbit2EarthFixedOrbit>
							<outputfileOrbit>{workspace}\output/{loopTime:%D}\grace-c_integratedOrbitFitFit_EF_{loopTime:%D}_{backgroundmodel}_{instrument}.txt</outputfileOrbit>
							<inputfileOrbit>{workspace}\output/{loopTime:%D}\grace-c_integratedOrbitFitFit_{loopTime:%D}_{backgroundmodel}_{instrument}.txt</inputfileOrbit>
							<earthRotation>
								<file>
									<inputfileEOP>{groopsDataDir}/earthRotation/timeSeries_EOP_rapid_IAU2000_desai.dat</inputfileEOP>
									<interpolationDegree>3</interpolationDegree>
								</file>
							</earthRotation>
							<gravityfield>
								<tides>
									<tides>
										<doodsonHarmonicTide>
											<inputfileTides>{groopsDataDir}/tides/oceanTide_fes2014b_n180_version20170520.dat</inputfileTides>
											<inputfileAdmittance>{groopsDataDir}/tides/oceanTide_fes2014b_admittance_linear_linear.txt</inputfileAdmittance>
											<minDegree>1</minDegree>
											<maxDegree>1</maxDegree>
											<nodeCorr>0</nodeCorr>
											<factor>1.0</factor>
										</doodsonHarmonicTide>
									</tides>
									<earthRotation>
										<file>
											<inputfileEOP>{groopsDataDir}/earthRotation/timeSeries_EOP_rapid_IAU2000_desai.dat</inputfileEOP>
											<interpolationDegree>3</interpolationDegree>
										</file>
									</earthRotation>
									<ephemerides>
										<jpl>
											<inputfileEphemerides>{groopsDataDir}/tides/ephemerides_JPL_DE432.dat</inputfileEphemerides>
											<origin>
												<earth/>
											</origin>
										</jpl>
									</ephemerides>
								</tides>
							</gravityfield>
							<celestial2terrestrial>1</celestial2terrestrial>
						</Orbit2EarthFixedOrbit>
					</program>
					<program comment="{workspace}\output/{loopTime:%D}\grace-d_integratedOrbitFitFit_EF_{loopTime:%D}_{backgroundmodel}_{instrument}.txt">
						<Orbit2EarthFixedOrbit>
							<outputfileOrbit>{workspace}\output/{loopTime:%D}\grace-d_integratedOrbitFitFit_EF_{loopTime:%D}_{backgroundmodel}_{instrument}.txt</outputfileOrbit>
							<inputfileOrbit>{workspace}\output/{loopTime:%D}\grace-d_integratedOrbitFitFit_{loopTime:%D}_{backgroundmodel}_{instrument}.txt</inputfileOrbit>
							<earthRotation>
								<file>
									<inputfileEOP>{groopsDataDir}/earthRotation/timeSeries_EOP_rapid_IAU2000_desai.dat</inputfileEOP>
									<interpolationDegree>3</interpolationDegree>
								</file>
							</earthRotation>
							<gravityfield>
								<tides>
									<tides>
										<doodsonHarmonicTide>
											<inputfileTides>{groopsDataDir}/tides/oceanTide_fes2014b_n180_version20170520.dat</inputfileTides>
											<inputfileAdmittance>{groopsDataDir}/tides/oceanTide_fes2014b_admittance_linear_linear.txt</inputfileAdmittance>
											<minDegree>1</minDegree>
											<maxDegree>1</maxDegree>
											<nodeCorr>0</nodeCorr>
											<factor>1.0</factor>
										</doodsonHarmonicTide>
									</tides>
									<earthRotation>
										<file>
											<inputfileEOP>{groopsDataDir}/earthRotation/timeSeries_EOP_rapid_IAU2000_desai.dat</inputfileEOP>
											<interpolationDegree>3</interpolationDegree>
										</file>
									</earthRotation>
									<ephemerides>
										<jpl>
											<inputfileEphemerides>{groopsDataDir}/tides/ephemerides_JPL_DE432.dat</inputfileEphemerides>
											<origin>
												<earth/>
											</origin>
										</jpl>
									</ephemerides>
								</tides>
							</gravityfield>
							<celestial2terrestrial>1</celestial2terrestrial>
						</Orbit2EarthFixedOrbit>
					</program>
					<program comment="{workspace}\output/{loopTime:%D}\grace-c_integratedOrbitFitFit_groundTrack_{loopTime:%D}_{backgroundmodel}_{instrument}.txt">
						<Orbit2Groundtracks>
							<outputfileGriddedData>{workspace}\output/{loopTime:%D}\grace-c_integratedOrbitFitFit_groundTrack_{loopTime:%D}_{backgroundmodel}_{instrument}.txt</outputfileGriddedData>
							<inputfileOrbit>{workspace}\output/{loopTime:%D}\grace-c_integratedOrbitFitFit_{loopTime:%D}_{backgroundmodel}_{instrument}.txt</inputfileOrbit>
							<earthRotation>
								<file>
									<inputfileEOP>{groopsDataDir}/earthRotation/timeSeries_EOP_rapid_IAU2000_desai.dat</inputfileEOP>
									<interpolationDegree>3</interpolationDegree>
								</file>
							</earthRotation>
							<R>6378137.0</R>
							<inverseFlattening>298.2572221010</inverseFlattening>
						</Orbit2Groundtracks>
					</program>
					<program comment="{workspace}\output/{loopTime:%D}\grace-d_integratedOrbitFitFit_groundTrack_{loopTime:%D}_{backgroundmodel}_{instrument}.txt">
						<Orbit2Groundtracks>
							<outputfileGriddedData>{workspace}\output/{loopTime:%D}\grace-d_integratedOrbitFitFit_groundTrack_{loopTime:%D}_{backgroundmodel}_{instrument}.txt</outputfileGriddedData>
							<inputfileOrbit>{workspace}\output/{loopTime:%D}\grace-d_integratedOrbitFitFit_{loopTime:%D}_{backgroundmodel}_{instrument}.txt</inputfileOrbit>
							<earthRotation>
								<file>
									<inputfileEOP>{groopsDataDir}/earthRotation/timeSeries_EOP_rapid_IAU2000_desai.dat</inputfileEOP>
									<interpolationDegree>3</interpolationDegree>
								</file>
							</earthRotation>
							<R>6378137.0</R>
							<inverseFlattening>298.2572221010</inverseFlattening>
						</Orbit2Groundtracks>
					</program>
				</GroupPrograms>
			</program>
			<program comment="{workspace}\output/{loopTime:%D}\grace-c_integratedOrbitFitFit_groundTrack_{loopTime:%D}_{backgroundmodel}_{instrument}.png">
				<PlotMap>
					<outputfile>{workspace}\output/{loopTime:%D}\grace-c_integratedOrbitFitFit_groundTrack_{loopTime:%D}_{backgroundmodel}_{instrument}.png</outputfile>
					<statisticInfos>0</statisticInfos>
					<layer>
						<politicalBoundary>
							<resolution>
								<full/>
							</resolution>
							<line>
								<solid>
									<width>0.25</width>
									<color>
										<black/>
									</color>
								</solid>
							</line>
						</politicalBoundary>
					</layer>
					<layer>
						<coast>
							<resolution>
								<medium/>
							</resolution>
							<line>
								<solid>
									<width>0.1</width>
									<color>
										<black/>
									</color>
								</solid>
							</line>
							<minArea>5000</minArea>
						</coast>
					</layer>
					<layer>
						<points>
							<inputfileGriddedData>{workspace}\output/{loopTime:%D}\grace-c_integratedOrbitFitFit_groundTrack_{loopTime:%D}_{backgroundmodel}_{instrument}.txt</inputfileGriddedData>
							<symbol>
								<dash>
									<color>
										<red/>
									</color>
									<size>1</size>
									<blackContour>0</blackContour>
								</dash>
							</symbol>
							<drawLineAsGreatCircle>0</drawLineAsGreatCircle>
						</points>
					</layer>
					<R>6378137.0</R>
					<inverseFlattening>298.2572221010</inverseFlattening>
					<minLambda>70</minLambda>
					<maxLambda>150</maxLambda>
					<minPhi>15</minPhi>
					<maxPhi>55</maxPhi>
					<majorTickSpacing>0</majorTickSpacing>
					<minorTickSpacing>0</minorTickSpacing>
					<gridLineSpacing>0</gridLineSpacing>
					<projection>
						<linear/>
					</projection>
					<options>
						<width>12</width>
						<titleFontSize>12</titleFontSize>
						<marginTitle>0.4</marginTitle>
						<drawGridOnTop>0</drawGridOnTop>
						<options>FONT_ANNOT_PRIMARY=10p</options>
						<options>MAP_ANNOT_OFFSET_PRIMARY=0.1c</options>
						<options>FONT_LABEL=10p</options>
						<options>MAP_LABEL_OFFSET=0.1c</options>
						<options>FONT_ANNOT_SECONDARY=10p</options>
						<transparent>1</transparent>
						<dpi>900</dpi>
						<removeFiles>1</removeFiles>
					</options>
				</PlotMap>
			</program>
		</LoopPrograms>
	</program>
</groops>
