<?xml version="1.0" encoding="UTF-8" ?>
<groops>
	<global>
		<filename label="workspace">G:\GROOPS\dynamicOrbitSolutionWorkspace</filename>
		<string label="date4int">2020-07-07</string>
	</global>
	<program disabled="1" comment="satellite_tracking_from_kbr">
		<FileCreateDirectories>
			<directory>satellite_tracking_from_kbr</directory>
			<directory>satellite_tracking_from_kbr/{date4int}</directory>
		</FileCreateDirectories>
	</program>
	<program comment="satellite_tracking_from_kbr/{date4int}/gracefo_satelliteTracking_{date4int}_from_KBR1B.txt">
		<GraceL1b2SatelliteTracking>
			<outputfileSatelliteTracking>satellite_tracking_from_kbr/{date4int}/gracefo_satelliteTracking_{date4int}_from_KBR1B.txt</outputfileSatelliteTracking>
			<outputfileAntCentr>satellite_tracking_from_kbr/{date4int}/gracefo_antCentr_{date4int}_from_KBR1B.txt</outputfileAntCentr>
			<outputfileLighttime>satellite_tracking_from_kbr/{date4int}/gracefo_lighttime_{date4int}_from_KBR1B.txt</outputfileLighttime>
			<inputfile>{workspace}/gracefo_dataset\gracefo_1B_{date4int}_RL04.ascii.noLRI/KBR1B_{date4int}_Y_04.txt</inputfile>
		</GraceL1b2SatelliteTracking>
	</program>
</groops>
