<?xml version="1.0" encoding="UTF-8" ?>
<groops>
	<global>
		<filename label="workspace">G:\GROOPS\dynamicOrbitSolutionWorkspaceLRI</filename>
		<string label="date4int">2020-07-07</string>
		<string label="instrument">lri</string>
	</global>
	<program comment="satellite_tracking_from_{instrument}">
		<FileCreateDirectories>
			<directory>satellite_tracking_from_{instrument}</directory>
			<directory>satellite_tracking_from_{instrument}/{date4int}</directory>
		</FileCreateDirectories>
	</program>
	<program comment="satellite_tracking_from_{instrument}/{date4int}/gracefo_satelliteTracking_{date4int}_from_LRI1B.txt">
		<GraceL1b2SatelliteTracking>
			<outputfileSatelliteTracking>satellite_tracking_from_{instrument}/{date4int}/gracefo_satelliteTracking_{date4int}_from_LRI1B.txt</outputfileSatelliteTracking>
			<outputfileAntCentr>satellite_tracking_from_{instrument}/{date4int}/gracefo_antCentr_{date4int}_from_LRI1B.txt</outputfileAntCentr>
			<outputfileLighttime>satellite_tracking_from_{instrument}/{date4int}/gracefo_lighttime_{date4int}_from_LRI1B.txt</outputfileLighttime>
			<inputfile>{workspace}/gracefo_dataset\gracefo_1B_{date4int}_RL04.ascii.LRI/LRI1B_{date4int}_Y_04.txt</inputfile>
		</GraceL1b2SatelliteTracking>
	</program>
</groops>
